{"cameraMode":{"drawMode":0,"name":"Shaded","section":"Shading Mode"},"sceneLighting":true,"audioPlay":false,"sceneViewState":{"showFog":true,"showMaterialUpdate":false,"showSkybox":true,"showFlares":true,"showImageEffects":true,"showParticleSystems":true},"in2DMode":false,"pivot":{"x":8.356367111206055,"y":0.7523155212402344,"z":1.904578447341919},"rotation":{"x":0.11735518276691437,"y":-0.7057762742042542,"z":0.12035165727138519,"w":0.6882089376449585},"size":30.633909225463868,"orthographic":false}