{"cameraMode":{"drawMode":0,"name":"Shaded","section":"Shading Mode"},"sceneLighting":true,"audioPlay":false,"sceneViewState":{"showFog":true,"showMaterialUpdate":false,"showSkybox":true,"showFlares":true,"showImageEffects":true,"showParticleSystems":true},"in2DMode":false,"pivot":{"x":0.11571300029754639,"y":-124.25385284423828,"z":-236.38262939453126},"rotation":{"x":-0.0009549736860208213,"y":-0.969444751739502,"z":0.2452792376279831,"w":-0.0037749195471405985},"size":284.31488037109377,"orthographic":false}