{"cameraMode":{"drawMode":0,"name":"Shaded","section":"Shading Mode"},"sceneLighting":false,"audioPlay":false,"sceneViewState":{"showFog":true,"showMaterialUpdate":false,"showSkybox":true,"showFlares":true,"showImageEffects":true,"showParticleSystems":true},"in2DMode":false,"pivot":{"x":5.338615894317627,"y":-133.0911865234375,"z":243.4707794189453},"rotation":{"x":-0.2409045547246933,"y":-0.0096109164878726,"z":0.0023855699691921474,"w":-0.9704986214637756},"size":289.6529846191406,"orthographic":false}