{"cameraMode":{"drawMode":0,"name":"Shaded","section":"Shading Mode"},"sceneLighting":true,"audioPlay":false,"sceneViewState":{"showFog":true,"showMaterialUpdate":false,"showSkybox":true,"showFlares":true,"showImageEffects":true,"showParticleSystems":true},"in2DMode":false,"pivot":{"x":2.4908194541931154,"y":-6.117021560668945,"z":3.1189098358154299},"rotation":{"x":-0.15214045345783235,"y":0.7865873575210571,"z":-0.21415068209171296,"w":-0.5588239431381226},"size":51.27672576904297,"orthographic":false}