{"cameraMode":{"drawMode":0,"name":"Shaded","section":"Shading Mode"},"sceneLighting":false,"audioPlay":false,"sceneViewState":{"showFog":true,"showMaterialUpdate":false,"showSkybox":true,"showFlares":true,"showImageEffects":true,"showParticleSystems":true},"in2DMode":false,"pivot":{"x":0.29372772574424746,"y":-0.55598384141922,"z":1.0910193920135499},"rotation":{"x":-0.07854276895523071,"y":0.7559987306594849,"z":-0.092308409512043,"w":-0.6432576775550842},"size":1.6985646486282349,"orthographic":true}